Country Name,Country Code,Time,Time Code,Control of Corruption: Percentile Rank [CC.PER.RNK],Government Effectiveness: Percentile Rank [GE.PER.RNK],Political Stability and Absence of Violence/Terrorism: Percentile Rank [PV.PER.RNK],Regulatory Quality: Percentile Rank [RQ.PER.RNK],Rule of Law: Percentile Rank [RL.PER.RNK],Voice and Accountability: Percentile Rank [VA.PER.RNK]
Austria,AUT,1996,YR1996,92.4731216430664,92.8961715698242,96.8085098266602,96.1956558227539,97.487434387207,93.5
Austria,AUT,1998,YR1998,93.0481262207031,92.8961715698242,85.638298034668,90.760871887207,97.5,92.0398025512695
Austria,AUT,2000,YR2000,92.5531921386719,94.5355224609375,76.1904754638672,92.9347839355469,98.0099487304688,90.0497512817383
Austria,AUT,2002,YR2002,93.6507949829102,95.1351318359375,94.7089920043945,92.9729766845703,97.5124359130859,91.5422897338867
Austria,AUT,2003,YR2003,94.7089920043945,97.2972946166992,80.4020080566406,91.8918914794922,96.5174102783203,91.5422897338867
Austria,AUT,2004,YR2004,97.0443344116211,93.0348281860352,84.9514541625977,91.5422897338867,96.1538467407227,92.788459777832
Austria,AUT,2005,YR2005,95.1219482421875,92.6470565795898,86.4077682495117,95.0980377197266,97.6076583862305,90.3846130371094
Austria,AUT,2006,YR2006,94.634147644043,96.0975646972656,86.4734268188477,96.0784301757813,98.5645904541016,93.75
Austria,AUT,2007,YR2007,96.1165084838867,96.6019439697266,96.1352691650391,96.1165084838867,99.5215301513672,94.711540222168
Austria,AUT,2008,YR2008,93.689323425293,94.6601943969727,98.5576934814453,94.1747589111328,98.5576934814453,94.2307662963867
Austria,AUT,2009,YR2009,92.8229675292969,93.7799072265625,90.9952621459961,92.3444976806641,96.2085342407227,94.7867279052734
Austria,AUT,2010,YR2010,91.9047622680664,97.1291885375977,89.0995254516602,92.3444976806641,96.6824645996094,95.2606658935547
Austria,AUT,2011,YR2011,89.5734634399414,92.890998840332,91.4691925048828,90.5213241577148,96.7136154174805,94.8356781005859
Austria,AUT,2012,YR2012,89.5734634399414,92.890998840332,96.2085342407227,91.4691925048828,97.6525802612305,95.3051605224609
Austria,AUT,2013,YR2013,90.5213241577148,92.890998840332,96.2085342407227,91.4691925048828,97.6525802612305,95.7746505737305
Austria,AUT,2014,YR2014,90.8653869628906,91.3461532592773,95.2380981445313,91.3461532592773,96.6346130371094,94.5812835693359
Austria,AUT,2015,YR2015,90.476188659668,89.0476226806641,90,91.4285736083984,96.1904754638672,94.0886688232422
Austria,AUT,2016,YR2016,90.9523773193359,90.9523773193359,77.1428604125977,91.4285736083984,95.7142868041992,93.596061706543
Austria,AUT,2017,YR2017,90.476188659668,90.9523773193359,85.2380981445313,90.9523773193359,97.1428604125977,95.0738906860352
Austria,AUT,2018,YR2018,90.9523773193359,90.9523773193359,77.3584899902344,91.4285736083984,98.5714263916016,94.6601943969727
Austria,AUT,2019,YR2019,90.476188659668,91.4285736083984,77.3584899902344,91.4285736083984,98.5714263916016,94.6859893798828
Austria,AUT,2020,YR2020,90.9523773193359,93.8095245361328,76.8867950439453,90.9523773193359,97.1428604125977,95.6521759033203
Austria,AUT,2021,YR2021,85.7142868041992,93.8095245361328,79.2452850341797,87.1428604125977,97.1428604125977,94.6859893798828
Austria,AUT,2022,YR2022,84.9056625366211,91.5094375610352,68.8679275512695,87.2641525268555,95.7547149658203,94.2028961181641
Belgium,BEL,1996,YR1996,88.7096786499023,91.2568283081055,92.0212783813477,84.7826080322266,89.9497451782227,92.5
Belgium,BEL,1998,YR1998,87.1657791137695,92.349723815918,81.9148941040039,79.3478240966797,87,91.5422897338867
Belgium,BEL,2000,YR2000,90.4255294799805,90.7103805541992,83.5978851318359,85.8695678710938,89.0547256469727,92.5373153686523
Belgium,BEL,2002,YR2002,89.9470901489258,96.2162170410156,91.5343933105469,85.9459457397461,89.0547256469727,93.0348281860352
Belgium,BEL,2003,YR2003,89.4179916381836,95.6756744384766,74.3718566894531,87.0270233154297,89.0547256469727,95.5223846435547
Belgium,BEL,2004,YR2004,90.1477813720703,93.532341003418,71.8446578979492,88.059700012207,88.9423065185547,90.8653869628906
Belgium,BEL,2005,YR2005,90.2439041137695,93.1372528076172,70.3883514404297,87.2549057006836,88.5167465209961,91.3461532592773
Belgium,BEL,2006,YR2006,88.7804870605469,94.1463394165039,73.9130401611328,88.7254867553711,88.9952163696289,92.788459777832
Belgium,BEL,2007,YR2007,90.291259765625,91.7475738525391,72.4637680053711,91.2621383666992,88.9952163696289,93.75
Belgium,BEL,2008,YR2008,90.7766952514648,87.8640747070313,67.788459777832,91.7475738525391,89.4230804443359,92.788459777832
Belgium,BEL,2009,YR2009,90.9090881347656,92.3444976806641,75.3554534912109,87.5598068237305,88.6255950927734,93.3649291992188
Belgium,BEL,2010,YR2010,90,93.3014373779297,74.407585144043,85.6459350585938,90.0473937988281,94.3127975463867
Belgium,BEL,2011,YR2011,90.5213241577148,94.7867279052734,78.1990509033203,86.7298583984375,90.1408462524414,92.9577484130859
Belgium,BEL,2012,YR2012,91.4691925048828,94.7867279052734,76.3033142089844,86.7298583984375,90.1408462524414,92.9577484130859
Belgium,BEL,2013,YR2013,90.9952621459961,94.7867279052734,77.7251205444336,87.6777267456055,90.1408462524414,92.9577484130859
Belgium,BEL,2014,YR2014,91.3461532592773,90.8653869628906,69.523811340332,84.1346130371094,88.9423065185547,94.0886688232422
Belgium,BEL,2015,YR2015,90.9523773193359,91.4285736083984,64.2857131958008,88.5714263916016,88.0952377319336,94.5812835693359
Belgium,BEL,2016,YR2016,91.9047622680664,89.523811340332,61.4285697937012,88.5714263916016,88.5714263916016,95.5665054321289
Belgium,BEL,2017,YR2017,89.523811340332,85.7142868041992,62.3809509277344,86.6666641235352,87.6190490722656,93.1034469604492
Belgium,BEL,2018,YR2018,89.523811340332,86.1904754638672,59.4339637756348,86.6666641235352,87.6190490722656,92.7184448242188
Belgium,BEL,2019,YR2019,89.523811340332,82.8571395874023,60.8490562438965,87.6190490722656,87.6190490722656,93.7198104858398
Belgium,BEL,2020,YR2020,90,84.2857131958008,64.1509399414063,89.0476226806641,87.6190490722656,90.8212585449219
Belgium,BEL,2021,YR2021,89.523811340332,83.3333358764648,67.4528274536133,86.6666641235352,87.6190490722656,90.3381652832031
Belgium,BEL,2022,YR2022,89.6226425170898,84.9056625366211,65.5660400390625,86.7924499511719,88.2075500488281,92.7536239624023
Czechia,CZE,1996,YR1996,74.7311859130859,72.1311492919922,87.7659606933594,82.0652160644531,79.8994979858398,78
Czechia,CZE,1998,YR1998,70.0534744262695,71.5847015380859,77.1276626586914,77.7173919677734,74.5,75.1243743896484
Czechia,CZE,2000,YR2000,60.638298034668,70.4918060302734,60.8465614318848,74.4565200805664,68.6567153930664,71.1442794799805
Czechia,CZE,2002,YR2002,67.7248687744141,81.0810775756836,83.0687866210938,83.2432403564453,78.1094512939453,76.6169128417969
Czechia,CZE,2003,YR2003,71.4285736083984,78.9189224243164,76.8844223022461,82.1621627807617,79.6019897460938,79.6019897460938
Czechia,CZE,2004,YR2004,68.4729080200195,79.1044769287109,68.4466018676758,79.1044769287109,70.1923065185547,80.288459777832
Czechia,CZE,2005,YR2005,68.7804870605469,76.9607849121094,77.6699066162109,80.3921585083008,78.4689025878906,75.961540222168
Czechia,CZE,2006,YR2006,67.8048782348633,83.4146347045898,85.5072479248047,83.3333358764648,74.6411514282227,77.4038467407227
Czechia,CZE,2007,YR2007,66.9902877807617,77.6699066162109,83.0917892456055,82.0388336181641,78.9473648071289,79.3269195556641
Czechia,CZE,2008,YR2008,66.019416809082,79.1262130737305,85.5769195556641,86.4077682495117,78.3653869628906,81.7307662963867
Czechia,CZE,2009,YR2009,68.8995208740234,76.0765533447266,79.1469192504883,87.0813369750977,80.568717956543,81.0426559448242
Czechia,CZE,2010,YR2010,69.0476226806641,77.0334930419922,82.9383850097656,86.1244049072266,79.620849609375,78.6729888916016
Czechia,CZE,2011,YR2011,68.7203826904297,77.2511825561523,88.6255950927734,85.3080596923828,81.2206573486328,79.8122100830078
Czechia,CZE,2012,YR2012,66.3507080078125,76.3033142089844,86.7298583984375,80.568717956543,81.2206573486328,76.9953079223633
Czechia,CZE,2013,YR2013,65.4028472900391,76.3033142089844,87.6777267456055,81.0426559448242,81.6901397705078,77.9342727661133
Czechia,CZE,2014,YR2014,67.3076934814453,81.25,83.3333358764648,80.7692337036133,84.6153869628906,78.8177337646484
Czechia,CZE,2015,YR2015,66.1904754638672,80.9523773193359,81.9047622680664,81.4285736083984,83.3333358764648,82.2660064697266
Czechia,CZE,2016,YR2016,67.1428604125977,78.5714263916016,80.9523773193359,80.9523773193359,81.4285736083984,81.2807846069336
Czechia,CZE,2017,YR2017,69.0476226806641,81.4285736083984,83.3333358764648,86.1904754638672,82.8571395874023,75.3694610595703
Czechia,CZE,2018,YR2018,68.5714263916016,78.5714263916016,86.3207550048828,87.1428604125977,81.9047622680664,74.7572784423828
Czechia,CZE,2019,YR2019,69.0476226806641,78.0952377319336,80.1886825561523,86.6666641235352,81.9047622680664,73.4299545288086
Czechia,CZE,2020,YR2020,69.0476226806641,78.5714263916016,77.8301849365234,86.6666641235352,82.8571395874023,78.7439651489258
Czechia,CZE,2021,YR2021,71.9047622680664,81.4285736083984,81.6037750244141,87.6190490722656,83.3333358764648,79.7101440429688
Czechia,CZE,2022,YR2022,74.5283050537109,81.1320724487305,75,88.6792449951172,83.4905624389648,80.6763305664063
Denmark,DNK,1996,YR1996,100,94.5355224609375,97.8723373413086,97.8260879516602,97.9899520874023,96
Denmark,DNK,1998,YR1998,99.4652404785156,97.2677612304688,97.3404235839844,96.739128112793,98,95.5223846435547
Denmark,DNK,2000,YR2000,99.4680862426758,97.2677612304688,95.7671966552734,95.6521759033203,97.5124359130859,97.5124359130859
Denmark,DNK,2002,YR2002,99.4709014892578,99.4594573974609,96.8253936767578,96.7567596435547,99.0049743652344,99.0049743652344
Denmark,DNK,2003,YR2003,99.4709014892578,99.4594573974609,93.9698486328125,97.8378372192383,99.5024871826172,99.5024871826172
Denmark,DNK,2004,YR2004,99.5073928833008,100,83.980583190918,97.0149230957031,99.038459777832,100
Denmark,DNK,2005,YR2005,99.0243911743164,99.5098037719727,85.4368896484375,98.0392150878906,99.0430603027344,100
Denmark,DNK,2006,YR2006,100,99.5121917724609,85.0241546630859,98.529411315918,100,100
Denmark,DNK,2007,YR2007,100,99.5145645141602,91.3043441772461,99.5145645141602,100,97.1153869628906
Denmark,DNK,2008,YR2008,100,99.5145645141602,86.0576934814453,99.0291290283203,99.5192337036133,99.038459777832
Denmark,DNK,2009,YR2009,100,99.5215301513672,85.3080596923828,100,98.5782012939453,97.6303329467773
Denmark,DNK,2010,YR2010,100,99.0430603027344,86.2559204101563,99.5215301513672,99.052131652832,97.6303329467773
Denmark,DNK,2011,YR2011,100,99.052131652832,87.2037887573242,99.5260696411133,99.530517578125,97.1830978393555
Denmark,DNK,2012,YR2012,100,99.052131652832,75.8293838500977,97.6303329467773,98.1220626831055,99.06103515625
Denmark,DNK,2013,YR2013,100,99.052131652832,80.0947875976563,97.6303329467773,98.591552734375,99.530517578125
Denmark,DNK,2014,YR2014,100,96.1538467407227,78.5714263916016,93.75,99.5192337036133,97.0443344116211
Denmark,DNK,2015,YR2015,98.5714263916016,96.6666641235352,76.6666641235352,94.7619018554688,99.523811340332,97.5369491577148
Denmark,DNK,2016,YR2016,99.523811340332,98.0952377319336,75.2380981445313,92.3809509277344,97.6190490722656,99.014778137207
Denmark,DNK,2017,YR2017,99.0476226806641,95.7142868041992,75.2380981445313,92.3809509277344,97.6190490722656,97.0443344116211
Denmark,DNK,2018,YR2018,99.523811340332,96.6666641235352,79.7169799804688,93.8095245361328,96.6666641235352,97.5728149414063
Denmark,DNK,2019,YR2019,99.523811340332,98.5714263916016,81.1320724487305,92.3809509277344,97.1428604125977,98.5507278442383
Denmark,DNK,2020,YR2020,100,97.6190490722656,78.301887512207,97.6190490722656,98.0952377319336,97.5845413208008
Denmark,DNK,2021,YR2021,100,98.5714263916016,80.1886825561523,97.6190490722656,99.0476226806641,98.5507278442383
Denmark,DNK,2022,YR2022,100,98.5849075317383,77.3584899902344,98.5849075317383,99.5283050537109,98.0676345825195
Sweden,SWE,1996,YR1996,98.9247283935547,97.2677612304688,99.4680862426758,89.1304321289063,96.9849243164063,95.5
Sweden,SWE,1998,YR1998,98.9304809570313,95.62841796875,96.2765960693359,86.4130401611328,96,98.0099487304688
Sweden,SWE,2000,YR2000,98.9361724853516,95.62841796875,94.1798934936523,89.6739120483398,97.0149230957031,98.5074615478516
Sweden,SWE,2002,YR2002,97.8835983276367,98.3783798217773,95.7671966552734,94.594596862793,96.5174102783203,98.5074615478516
Sweden,SWE,2003,YR2003,97.3544998168945,98.3783798217773,96.4824142456055,94.0540542602539,98.0099487304688,98.0099487304688
Sweden,SWE,2004,YR2004,97.5369491577148,98.5074615478516,96.6019439697266,95.5223846435547,97.5961532592773,99.038459777832
Sweden,SWE,2005,YR2005,97.5609741210938,97.5490188598633,94.6601943969727,92.6470565795898,96.172248840332,96.6346130371094
Sweden,SWE,2006,YR2006,98.5365829467773,95.6097564697266,95.6521759033203,92.1568603515625,97.6076583862305,96.6346130371094
Sweden,SWE,2007,YR2007,98.5436859130859,98.5436859130859,95.6521759033203,93.689323425293,98.0861206054688,98.5576934814453
Sweden,SWE,2008,YR2008,97.5728149414063,98.0582504272461,90.3846130371094,95.1456298828125,99.038459777832,98.5576934814453
Sweden,SWE,2009,YR2009,99.0430603027344,98.5645904541016,87.2037887573242,95.6937789916992,99.5260696411133,98.5782012939453
Sweden,SWE,2010,YR2010,99.0476226806641,98.5645904541016,87.6777267456055,95.2153091430664,99.5260696411133,98.1042633056641
Sweden,SWE,2011,YR2011,98.5782012939453,98.5782012939453,92.4170608520508,99.052131652832,99.06103515625,99.530517578125
Sweden,SWE,2012,YR2012,99.052131652832,98.5782012939453,90.0473937988281,99.052131652832,99.06103515625,99.530517578125
Sweden,SWE,2013,YR2013,98.5782012939453,97.1563949584961,90.0473937988281,99.052131652832,99.06103515625,99.06103515625
Sweden,SWE,2014,YR2014,97.5961532592773,94.2307662963867,88.0952377319336,96.6346130371094,97.5961532592773,99.5073928833008
Sweden,SWE,2015,YR2015,98.0952377319336,93.3333358764648,79.523811340332,97.1428604125977,99.0476226806641,99.5073928833008
Sweden,SWE,2016,YR2016,98.0952377319336,94.2857131958008,87.1428604125977,97.1428604125977,99.0476226806641,99.5073928833008
Sweden,SWE,2017,YR2017,98.0952377319336,94.2857131958008,80.476188659668,95.7142868041992,98.0952377319336,99.5073928833008
Sweden,SWE,2018,YR2018,98.0952377319336,94.2857131958008,79.2452850341797,97.6190490722656,97.1428604125977,98.0582504272461
Sweden,SWE,2019,YR2019,98.0952377319336,94.7619018554688,82.5471725463867,96.6666641235352,96.6666641235352,99.0338134765625
Sweden,SWE,2020,YR2020,98.0952377319336,94.7619018554688,81.6037750244141,95.2380981445313,96.6666641235352,97.101448059082
Sweden,SWE,2021,YR2021,97.6190490722656,95.2380981445313,84.4339599609375,96.6666641235352,95.2380981445313,97.101448059082
Sweden,SWE,2022,YR2022,97.6415100097656,94.8113174438477,80.1886825561523,96.2264175415039,93.8679275512695,96.6183547973633
Estonia,EST,1996,YR1996,69.8924713134766,71.5847015380859,72.8723373413086,85.8695678710938,66.331657409668,74.5
Estonia,EST,1998,YR1998,73.2620315551758,69.9453582763672,68.6170196533203,86.9565200805664,66,78.1094512939453
Estonia,EST,2000,YR2000,77.6595764160156,75.9562835693359,77.7777786254883,89.1304321289063,68.1592025756836,77.1144256591797
Estonia,EST,2002,YR2002,76.1904754638672,73.5135116577148,79.8941802978516,87.0270233154297,71.1442794799805,79.6019897460938
Estonia,EST,2003,YR2003,80.9523773193359,80,77.3869323730469,84.8648681640625,71.1442794799805,82.5870666503906
Estonia,EST,2004,YR2004,82.7586212158203,80.0995025634766,71.3592224121094,86.5671615600586,76.9230804443359,83.6538467407227
Estonia,EST,2005,YR2005,80.9756088256836,78.4313735961914,65.5339813232422,85.7843170166016,80.3827743530273,80.7692337036133
Estonia,EST,2006,YR2006,81.4634170532227,83.9024353027344,69.0821228027344,88.2352905273438,87.5598068237305,84.6153869628906
Estonia,EST,2007,YR2007,78.6407775878906,82.0388336181641,68.5990371704102,87.3786392211914,85.6459350585938,84.1346130371094
Estonia,EST,2008,YR2008,80.0970840454102,84.4660186767578,65.8653869628906,89.3203887939453,85.5769195556641,85.5769195556641
Estonia,EST,2009,YR2009,80.3827743530273,78.9473648071289,64.4549789428711,89.4736862182617,84.3601913452148,83.8862533569336
Estonia,EST,2010,YR2010,80.476188659668,82.2966537475586,67.7725143432617,88.5167465209961,85.3080596923828,83.4123229980469
Estonia,EST,2011,YR2011,80.568717956543,81.5165863037109,67.2985763549805,90.9952621459961,85.9154891967773,87.3239440917969
Estonia,EST,2012,YR2012,81.5165863037109,77.2511825561523,67.2985763549805,90.9952621459961,85.9154891967773,85.9154891967773
Estonia,EST,2013,YR2013,82.9383850097656,77.7251205444336,68.2464447021484,90.9952621459961,86.3849792480469,85.9154891967773
Estonia,EST,2014,YR2014,87.9807662963867,80.288459777832,72.8571395874023,93.2692337036133,87.0192337036133,88.1773376464844
Estonia,EST,2015,YR2015,88.5714263916016,81.9047622680664,65.2380981445313,93.3333358764648,87.1428604125977,87.1921157836914
Estonia,EST,2016,YR2016,88.0952377319336,81.9047622680664,68.0952377319336,93.3333358764648,85.7142868041992,89.1625595092773
Estonia,EST,2017,YR2017,86.6666641235352,82.8571395874023,68.5714263916016,93.3333358764648,85.7142868041992,89.6551742553711
Estonia,EST,2018,YR2018,90,83.3333358764648,65.0943374633789,91.9047622680664,85.7142868041992,88.8349533081055
Estonia,EST,2019,YR2019,90.9523773193359,84.7619018554688,67.4528274536133,92.8571395874023,86.1904754638672,87.4396133422852
Estonia,EST,2020,YR2020,92.3809509277344,87.6190490722656,70.7547149658203,92.8571395874023,88.5714263916016,87.9227066040039
Estonia,EST,2021,YR2021,90,88.5714263916016,70.7547149658203,92.8571395874023,88.0952377319336,88.4057998657227
Estonia,EST,2022,YR2022,91.0377349853516,89.6226425170898,71.698112487793,92.9245300292969,89.6226425170898,87.9227066040039
Finland,FIN,1996,YR1996,99.4623641967773,92.349723815918,97.3404235839844,94.5652160644531,98.9949722290039,95
Finland,FIN,1998,YR1998,100,98.3606567382813,98.9361724853516,97.2826080322266,100,95.0248718261719
Finland,FIN,2000,YR2000,100,99.4535522460938,99.4709014892578,97.2826080322266,100,99.5024871826172
Finland,FIN,2002,YR2002,100,100,100,98.3783798217773,99.5024871826172,99.5024871826172
Finland,FIN,2003,YR2003,100,100,100,99.4594573974609,100,99.0049743652344
Finland,FIN,2004,YR2004,100,99.0049743652344,100,99.0049743652344,99.5192337036133,99.5192337036133
Finland,FIN,2005,YR2005,100,100,100,99.0196075439453,100,99.5192337036133
Finland,FIN,2006,YR2006,99.5121917724609,99.0243911743164,100,94.6078414916992,99.0430603027344,97.1153869628906
Finland,FIN,2007,YR2007,99.5145645141602,97.5728149414063,100,93.2038803100586,98.5645904541016,96.6346130371094
Finland,FIN,2008,YR2008,99.0291290283203,99.0291290283203,99.5192337036133,94.6601943969727,98.0769195556641,96.6346130371094
Finland,FIN,2009,YR2009,98.5645904541016,99.0430603027344,99.052131652832,98.0861206054688,100,96.6824645996094
Finland,FIN,2010,YR2010,98.0952377319336,99.5215301513672,97.1563949584961,99.0430603027344,100,96.6824645996094
Finland,FIN,2011,YR2011,99.052131652832,100,98.1042633056641,97.6303329467773,100,96.2441329956055
Finland,FIN,2012,YR2012,98.1042633056641,100,98.1042633056641,98.1042633056641,99.530517578125,96.7136154174805
Finland,FIN,2013,YR2013,98.1042633056641,100,97.1563949584961,98.5782012939453,99.530517578125,97.1830978393555
Finland,FIN,2014,YR2014,98.5576934814453,99.038459777832,96.1904754638672,98.5576934814453,100,97.5369491577148
Finland,FIN,2015,YR2015,99.523811340332,98.0952377319336,85.7142868041992,98.0952377319336,100,96.5517272949219
Finland,FIN,2016,YR2016,99.0476226806641,99.0476226806641,84.7619018554688,96.1904754638672,100,97.0443344116211
Finland,FIN,2017,YR2017,98.5714263916016,99.0476226806641,86.6666641235352,96.6666641235352,100,99.014778137207
Finland,FIN,2018,YR2018,100,99.523811340332,77.8301849365234,96.1904754638672,100,98.5436859130859
Finland,FIN,2019,YR2019,98.5714263916016,99.523811340332,75.9433975219727,97.6190490722656,100,99.5169067382813
Finland,FIN,2020,YR2020,99.523811340332,98.5714263916016,80.6603775024414,99.0476226806641,100,99.5169067382813
Finland,FIN,2021,YR2021,99.523811340332,98.0952377319336,83.4905624389648,99.0476226806641,100,99.5169067382813
Finland,FIN,2022,YR2022,99.5283050537109,96.698112487793,79.7169799804688,97.1698150634766,100,98.5507278442383
Germany,DEU,1996,YR1996,94.0860214233398,91.8032760620117,92.0212783813477,90.760871887207,93.9698486328125,90
Germany,DEU,1998,YR1998,94.6524047851563,93.4426193237305,92.0212783813477,88.0434799194336,93.5,89.0547256469727
Germany,DEU,2000,YR2000,93.0851058959961,93.4426193237305,95.2380981445313,90.760871887207,93.532341003418,89.5522384643555
Germany,DEU,2002,YR2002,93.121696472168,91.3513488769531,85.185188293457,91.8918914794922,93.532341003418,94.5273666381836
Germany,DEU,2003,YR2003,93.121696472168,88.6486511230469,64.8241195678711,90.8108139038086,93.532341003418,93.532341003418
Germany,DEU,2004,YR2004,93.596061706543,89.5522384643555,67.9611663818359,91.0447769165039,93.75,93.75
Germany,DEU,2005,YR2005,94.1463394165039,89.2156829833984,75.728157043457,92.1568603515625,94.2583694458008,93.2692337036133
Germany,DEU,2006,YR2006,93.1707305908203,92.6829299926758,82.125602722168,94.1176452636719,95.2153091430664,93.2692337036133
Germany,DEU,2007,YR2007,92.2330093383789,92.2330093383789,81.159423828125,94.6601943969727,95.2153091430664,93.2692337036133
Germany,DEU,2008,YR2008,93.2038803100586,89.3203887939453,79.8076934814453,92.2330093383789,94.2307662963867,93.75
Germany,DEU,2009,YR2009,93.3014373779297,92.8229675292969,77.7251205444336,93.7799072265625,92.890998840332,92.890998840332
Germany,DEU,2010,YR2010,93.3333358764648,90.4306182861328,73.459716796875,93.7799072265625,92.890998840332,92.4170608520508
Germany,DEU,2011,YR2011,93.3649291992188,90.9952621459961,71.5639801025391,92.890998840332,92.0187759399414,93.4272308349609
Germany,DEU,2012,YR2012,94.3127975463867,91.9431304931641,71.0900497436523,91.9431304931641,92.0187759399414,93.4272308349609
Germany,DEU,2013,YR2013,94.3127975463867,90.5213241577148,76.3033142089844,92.4170608520508,92.0187759399414,93.4272308349609
Germany,DEU,2014,YR2014,93.75,93.75,78.0952377319336,94.2307662963867,93.75,96.0591125488281
Germany,DEU,2015,YR2015,93.3333358764648,92.8571395874023,68.0952377319336,94.2857131958008,93.3333358764648,95.5665054321289
Germany,DEU,2016,YR2016,93.8095245361328,93.3333358764648,68.5714263916016,96.6666641235352,91.9047622680664,95.0738906860352
Germany,DEU,2017,YR2017,94.7619018554688,93.3333358764648,65.2380981445313,95.2380981445313,91.4285736083984,95.5665054321289
Germany,DEU,2018,YR2018,95.7142868041992,91.4285736083984,64.6226425170898,95.2380981445313,91.4285736083984,95.1456298828125
Germany,DEU,2019,YR2019,95.2380981445313,91.9047622680664,65.0943374633789,96.1904754638672,92.3809509277344,95.1690826416016
Germany,DEU,2020,YR2020,95.2380981445313,88.0952377319336,67.9245300292969,93.3333358764648,90.9523773193359,94.2028961181641
Germany,DEU,2021,YR2021,95.7142868041992,87.1428604125977,69.8113174438477,94.7619018554688,91.4285736083984,95.6521759033203
Germany,DEU,2022,YR2022,95.7547149658203,88.2075500488281,67.4528274536133,92.4528274536133,91.9811325073242,94.6859893798828
France,FRA,1996,YR1996,84.9462356567383,85.792350769043,76.5957412719727,81.5217361450195,91.9598007202148,89
France,FRA,1998,YR1998,89.8395690917969,88.5245895385742,69.6808547973633,74.4565200805664,91,86.0696487426758
France,FRA,2000,YR2000,88.8297882080078,90.163932800293,74.0740737915039,78.260871887207,91.0447769165039,86.0696487426758
France,FRA,2002,YR2002,84.1269836425781,88.6486511230469,79.3650817871094,79.4594573974609,85.572135925293,85.572135925293
France,FRA,2003,YR2003,85.7142868041992,91.3513488769531,50.2512550354004,85.9459457397461,89.5522384643555,85.0746231079102
France,FRA,2004,YR2004,88.6699523925781,92.5373153686523,56.3106803894043,85.572135925293,91.8269195556641,91.8269195556641
France,FRA,2005,YR2005,89.7560958862305,92.1568603515625,57.7669906616211,85.2941207885742,90.4306182861328,92.788459777832
France,FRA,2006,YR2006,91.7073135375977,92.1951217651367,64.2512054443359,86.2745132446289,90.4306182861328,91.8269195556641
France,FRA,2007,YR2007,91.7475738525391,89.3203887939453,64.7342987060547,86.8932037353516,90.4306182861328,91.3461532592773
France,FRA,2008,YR2008,91.2621383666992,91.7475738525391,64.9038467407227,87.3786392211914,90.8653869628906,91.3461532592773
France,FRA,2009,YR2009,90.4306182861328,88.9952163696289,63.5071105957031,85.6459350585938,90.0473937988281,90.5213241577148
France,FRA,2010,YR2010,90.9523773193359,88.9952163696289,68.7203826904297,86.6028671264648,90.5213241577148,90.0473937988281
France,FRA,2011,YR2011,90.9952621459961,87.6777267456055,65.4028472900391,84.8341217041016,89.6713638305664,88.7323913574219
France,FRA,2012,YR2012,90.5213241577148,87.6777267456055,63.5071105957031,83.4123229980469,89.6713638305664,89.6713638305664
France,FRA,2013,YR2013,87.6777267456055,89.0995254516602,62.0853080749512,85.3080596923828,89.2018814086914,89.6713638305664
France,FRA,2014,YR2014,87.5,88.461540222168,58.0952377319336,81.7307662963867,88.461540222168,89.6551742553711
France,FRA,2015,YR2015,87.6190490722656,88.0952377319336,51.4285697937012,82.8571395874023,87.6190490722656,89.6551742553711
France,FRA,2016,YR2016,89.523811340332,89.0476226806641,42.8571434020996,82.3809509277344,87.6190490722656,85.2216720581055
France,FRA,2017,YR2017,87.1428604125977,87.1428604125977,56.1904754638672,83.3333358764648,88.5714263916016,85.7142868041992
France,FRA,2018,YR2018,87.6190490722656,89.523811340332,48.113208770752,83.8095245361328,88.0952377319336,86.8932037353516
France,FRA,2019,YR2019,88.5714263916016,88.0952377319336,57.0754699707031,90.9523773193359,88.5714263916016,85.5072479248047
France,FRA,2020,YR2020,83.8095245361328,85.7142868041992,56.1320762634277,85.2380981445313,87.1428604125977,81.6425094604492
France,FRA,2021,YR2021,89.0476226806641,85.2380981445313,56.6037750244141,85.7142868041992,87.1428604125977,85.5072479248047
France,FRA,2022,YR2022,85.3773574829102,83.0188674926758,56.1320762634277,85.3773574829102,85.3773574829102,85.9903411865234
Greece,GRC,1996,YR1996,64.5161285400391,77.5956268310547,63.8297882080078,67.3913040161133,83.4170837402344,76.5
Greece,GRC,1998,YR1998,76.470588684082,75.9562835693359,73.9361724853516,69.5652160644531,71.5,82.0895538330078
Greece,GRC,2000,YR2000,72.8723373413086,69.9453582763672,75.1322784423828,73.9130401611328,80.0995025634766,78.6069641113281
Greece,GRC,2002,YR2002,69.8412704467773,75.1351318359375,76.1904754638672,78.9189224243164,70.1492538452148,78.6069641113281
Greece,GRC,2003,YR2003,68.7830657958984,74.0540542602539,60.8040199279785,77.8378372192383,71.6417922973633,86.5671615600586
Greece,GRC,2004,YR2004,70.4433517456055,76.6169128417969,62.6213607788086,76.6169128417969,77.4038467407227,87.0192337036133
Greece,GRC,2005,YR2005,64.8780517578125,72.5490188598633,63.5922317504883,77.9411773681641,73.2057418823242,83.6538467407227
Greece,GRC,2006,YR2006,68.7804870605469,71.7073135375977,65.2173919677734,75.9803924560547,75.1196136474609,77.8846130371094
Greece,GRC,2007,YR2007,62.6213607788086,70.8737869262695,62.3188400268555,77.1844635009766,76.5550231933594,78.8461532592773
Greece,GRC,2008,YR2008,61.6504859924316,71.3592224121094,54.3269233703613,75.728157043457,77.4038467407227,73.5576934814453
Greece,GRC,2009,YR2009,59.8086128234863,70.3349304199219,37.9146919250488,74.6411514282227,68.2464447021484,73.9336471557617
Greece,GRC,2010,YR2010,55.7142868041992,68.8995208740234,40.7582931518555,71.291862487793,66.8246459960938,74.407585144043
Greece,GRC,2011,YR2011,55.4502372741699,66.8246459960938,41.7061614990234,66.3507080078125,65.7276992797852,72.7699508666992
Greece,GRC,2012,YR2012,52.6066360473633,62.5592422485352,39.3364944458008,68.2464447021484,63.8497657775879,69.4835662841797
Greece,GRC,2013,YR2013,55.9241714477539,64.4549789428711,40.2843589782715,71.0900497436523,64.7887344360352,68.0751190185547
Greece,GRC,2014,YR2014,53.3653831481934,64.9038467407227,40.476188659668,63.9423065185547,66.3461532592773,68.4729080200195
Greece,GRC,2015,YR2015,53.8095245361328,59.0476188659668,38.0952377319336,65.7142868041992,62.8571434020996,70.4433517456055
Greece,GRC,2016,YR2016,53.3333320617676,58.5714302062988,41.4285697937012,60,57.6190490722656,70.4433517456055
Greece,GRC,2017,YR2017,53.3333320617676,64.2857131958008,41.4285697937012,62.3809509277344,55.238094329834,69.4581298828125
Greece,GRC,2018,YR2018,54.761905670166,62.8571434020996,53.301887512207,66.1904754638672,57.1428565979004,71.8446578979492
Greece,GRC,2019,YR2019,56.6666679382324,64.7619018554688,54.2452812194824,70,57.6190490722656,72.4637680053711
Greece,GRC,2020,YR2020,57.1428565979004,67.1428604125977,51.4150924682617,71.4285736083984,60,78.260871887207
Greece,GRC,2021,YR2021,59.523811340332,67.1428604125977,50.9433975219727,66.1904754638672,60.476188659668,77.7777786254883
Greece,GRC,2022,YR2022,56.6037750244141,66.5094375610352,49.0566024780273,67.4528274536133,59.9056587219238,76.8115921020508
Hungary,HUN,1996,YR1996,74.1935501098633,78.6885223388672,79.2553176879883,75.5434799194336,79.3969879150391,77
Hungary,HUN,1998,YR1998,75.4010696411133,81.9672164916992,91.4893646240234,78.8043441772461,73.5,80.0995025634766
Hungary,HUN,2000,YR2000,75.5319137573242,81.9672164916992,78.8359756469727,82.0652160644531,73.1343307495117,85.0746231079102
Hungary,HUN,2002,YR2002,73.0158767700195,81.6216201782227,91.0052947998047,86.4864883422852,79.1044769287109,86.0696487426758
Hungary,HUN,2003,YR2003,74.0740737915039,76.7567596435547,86.4321594238281,81.0810775756836,73.1343307495117,87.0646743774414
Hungary,HUN,2004,YR2004,73.8916244506836,77.1144256591797,75.2427215576172,83.5820922851563,75,85.5769195556641
Hungary,HUN,2005,YR2005,72.1951217651367,73.529411315918,80.0970840454102,78.9215698242188,75.1196136474609,86.538459777832
Hungary,HUN,2006,YR2006,73.1707305908203,77.5609741210938,80.6763305664063,85.2941207885742,79.9043045043945,78.8461532592773
Hungary,HUN,2007,YR2007,73.3009719848633,73.7864074707031,71.9806747436523,85.9223327636719,80.3827743530273,80.7692337036133
Hungary,HUN,2008,YR2008,69.9029159545898,73.3009719848633,71.6346130371094,85.4368896484375,80.288459777832,76.4423065185547
Hungary,HUN,2009,YR2009,69.3779907226563,72.2488021850586,63.9810409545898,81.339714050293,71.5639801025391,74.8815155029297
Hungary,HUN,2010,YR2010,65.7142868041992,71.7703323364258,69.1943130493164,80.3827743530273,72.0379180908203,73.459716796875
Hungary,HUN,2011,YR2011,67.7725143432617,70.6161117553711,70.1421813964844,80.0947875976563,71.8309860229492,73.2394332885742
Hungary,HUN,2012,YR2012,65.4028472900391,69.6682434082031,68.7203826904297,78.6729888916016,68.0751190185547,70.8920211791992
Hungary,HUN,2013,YR2013,64.9289093017578,71.5639801025391,70.6161117553711,77.7251205444336,67.6056365966797,70.4225387573242
Hungary,HUN,2014,YR2014,61.0576934814453,72.1153869628906,68.5714263916016,75,70.6730804443359,66.5024642944336
Hungary,HUN,2015,YR2015,60,71.4285736083984,69.523811340332,74.2857131958008,65.2380981445313,66.5024642944336
Hungary,HUN,2016,YR2016,58.5714302062988,68.5714263916016,66.1904754638672,70,65.2380981445313,58.6206893920898
Hungary,HUN,2017,YR2017,57.6190490722656,68.0952377319336,74.2857131958008,72.3809509277344,69.0476226806641,65.0246276855469
Hungary,HUN,2018,YR2018,58.0952377319336,68.0952377319336,70.7547149658203,70.9523773193359,70.476188659668,64.0776672363281
Hungary,HUN,2019,YR2019,57.6190490722656,68.0952377319336,71.698112487793,72.3809509277344,68.5714263916016,57.9710159301758
Hungary,HUN,2020,YR2020,58.0952377319336,70,74.0566024780273,66.6666641235352,66.1904754638672,58.937198638916
Hungary,HUN,2021,YR2021,55.238094329834,70.476188659668,73.1132049560547,67.6190490722656,67.6190490722656,58.937198638916
Hungary,HUN,2022,YR2022,51.4150924682617,68.8679275512695,67.9245300292969,64.6226425170898,63.2075462341309,59.9033813476563
Lithuania,LTU,1996,YR1996,68.2795715332031,68.3060073852539,62.7659568786621,82.6086959838867,63.3165817260742,75.5
Lithuania,LTU,1998,YR1998,63.6363639831543,62.8415298461914,62.7659568786621,77.1739120483398,65.5,74.1293563842773
Lithuania,LTU,2000,YR2000,67.0212783813477,59.5628433227539,64.0211639404297,73.3695678710938,58.7064666748047,73.6318435668945
Lithuania,LTU,2002,YR2002,61.9047622680664,67.5675659179688,77.2486801147461,81.6216201782227,63.1840782165527,73.1343307495117
Lithuania,LTU,2003,YR2003,68.2539672851563,74.594596862793,83.9196014404297,79.4594573974609,64.6766204833984,74.1293563842773
Lithuania,LTU,2004,YR2004,66.9950714111328,75.1243743896484,72.8155364990234,79.6019897460938,67.3076934814453,77.8846130371094
Lithuania,LTU,2005,YR2005,64.3902435302734,74.0196075439453,69.9029159545898,77.4509811401367,67.9425811767578,74.5192337036133
Lithuania,LTU,2006,YR2006,59.5121955871582,73.6585388183594,74.8792266845703,78.4313735961914,69.3779907226563,74.5192337036133
Lithuania,LTU,2007,YR2007,58.737865447998,72.8155364990234,76.328498840332,81.0679626464844,69.8564605712891,74.038459777832
Lithuania,LTU,2008,YR2008,60.6796112060547,70.3883514404297,70.6730804443359,81.0679626464844,70.6730804443359,72.5961532592773
Lithuania,LTU,2009,YR2009,65.0717697143555,73.2057418823242,69.1943130493164,77.9904327392578,69.6682434082031,74.407585144043
Lithuania,LTU,2010,YR2010,68.5714263916016,73.684211730957,70.6161117553711,79.4258346557617,72.9857788085938,75.3554534912109
Lithuania,LTU,2011,YR2011,67.2985763549805,72.9857788085938,68.7203826904297,77.7251205444336,72.3004684448242,74.6478881835938
Lithuania,LTU,2012,YR2012,68.2464447021484,74.407585144043,72.511848449707,82.9383850097656,75.5868530273438,75.1173706054688
Lithuania,LTU,2013,YR2013,67.7725143432617,74.407585144043,80.568717956543,84.8341217041016,73.2394332885742,75.5868530273438
Lithuania,LTU,2014,YR2014,70.1923065185547,78.8461532592773,70.476188659668,85.5769195556641,78.8461532592773,76.3546829223633
Lithuania,LTU,2015,YR2015,70,84.2857131958008,70.476188659668,86.6666641235352,80.476188659668,77.3399047851563
Lithuania,LTU,2016,YR2016,72.8571395874023,80.476188659668,72.8571395874023,84.2857131958008,81.9047622680664,78.3251266479492
Lithuania,LTU,2017,YR2017,67.6190490722656,79.0476226806641,72.3809509277344,82.8571395874023,80,78.3251266479492
Lithuania,LTU,2018,YR2018,66.6666641235352,80.476188659668,69.8113174438477,82.3809509277344,78.5714263916016,77.1844635009766
Lithuania,LTU,2019,YR2019,73.8095245361328,80.476188659668,72.1698150634766,82.8571395874023,80.476188659668,80.1932373046875
Lithuania,LTU,2020,YR2020,78.5714263916016,81.4285736083984,78.7735824584961,83.3333358764648,80.9523773193359,80.6763305664063
Lithuania,LTU,2021,YR2021,79.523811340332,80.9523773193359,73.5849075317383,86.1904754638672,82.8571395874023,80.6763305664063
Lithuania,LTU,2022,YR2022,76.4150924682617,79.7169799804688,69.3396224975586,87.7358474731445,83.0188674926758,81.159423828125
Iceland,ISL,1996,YR1996,93.0107498168945,96.1748657226563,94.1489334106445,86.4130401611328,93.4673385620117,94
Iceland,ISL,1998,YR1998,94.1176452636719,93.9890747070313,95.2127685546875,90.2173919677734,94,94.0298538208008
Iceland,ISL,2000,YR2000,98.4042587280273,97.814208984375,96.8253936767578,93.4782638549805,96.5174102783203,94.5273666381836
Iceland,ISL,2002,YR2002,97.3544998168945,97.8378372192383,98.9417953491211,91.3513488769531,98.0099487304688,96.5174102783203
Iceland,ISL,2003,YR2003,98.4126968383789,98.9189224243164,98.9949722290039,94.594596862793,99.0049743652344,98.5074615478516
Iceland,ISL,2004,YR2004,98.0295562744141,97.0149230957031,98.5436859130859,94.0298538208008,98.5576934814453,95.6730804443359
Iceland,ISL,2005,YR2005,99.5121917724609,98.529411315918,99.5145645141602,94.6078414916992,99.5215301513672,95.6730804443359
Iceland,ISL,2006,YR2006,97.5609741210938,97.0731735229492,99.5169067382813,93.1372528076172,98.0861206054688,96.1538467407227
Iceland,ISL,2007,YR2007,97.5728149414063,95.6310653686523,99.5169067382813,92.7184448242188,97.1291885375977,96.1538467407227
Iceland,ISL,2008,YR2008,99.5145645141602,96.6019439697266,94.2307662963867,87.8640747070313,97.5961532592773,96.1538467407227
Iceland,ISL,2009,YR2009,95.6937789916992,93.3014373779297,91.4691925048828,79.9043045043945,93.3649291992188,95.7345962524414
Iceland,ISL,2010,YR2010,94.2857131958008,92.3444976806641,85.3080596923828,78.4689025878906,93.3649291992188,95.7345962524414
Iceland,ISL,2011,YR2011,94.7867279052734,92.4170608520508,92.890998840332,80.568717956543,93.4272308349609,95.3051605224609
Iceland,ISL,2012,YR2012,94.7867279052734,90.0473937988281,92.890998840332,82.4644546508789,92.4882659912109,94.8356781005859
Iceland,ISL,2013,YR2013,95.7345962524414,89.5734634399414,94.3127975463867,83.8862533569336,92.4882659912109,94.8356781005859
Iceland,ISL,2014,YR2014,94.2307662963867,90.3846130371094,94.2857131958008,87.0192337036133,90.8653869628906,93.1034469604492
Iceland,ISL,2015,YR2015,95.7142868041992,89.523811340332,94.7619018554688,86.1904754638672,90.9523773193359,93.596061706543
Iceland,ISL,2016,YR2016,95.2380981445313,88.5714263916016,95.7142868041992,86.6666641235352,89.523811340332,94.5812835693359
Iceland,ISL,2017,YR2017,94.2857131958008,90,95.7142868041992,90.476188659668,90.9523773193359,94.5812835693359
Iceland,ISL,2018,YR2018,94.2857131958008,90,97.6415100097656,90.476188659668,93.3333358764648,93.689323425293
Iceland,ISL,2019,YR2019,92.3809509277344,90.9523773193359,99.5283050537109,90,95.2380981445313,92.7536239624023
Iceland,ISL,2020,YR2020,94.7619018554688,90.9523773193359,96.698112487793,91.4285736083984,96.1904754638672,94.6859893798828
Iceland,ISL,2021,YR2021,95.2380981445313,94.7619018554688,96.2264175415039,91.9047622680664,96.1904754638672,94.2028961181641
Iceland,ISL,2022,YR2022,91.5094375610352,93.8679275512695,95.2830200195313,88.2075500488281,95.2830200195313,95.1690826416016
Ireland,IRL,1996,YR1996,91.9354858398438,90.163932800293,95.2127685546875,92.9347839355469,92.9648208618164,91.5
Ireland,IRL,1998,YR1998,91.44384765625,91.8032760620117,99.4680862426758,95.6521759033203,93,92.5373153686523
Ireland,IRL,2000,YR2000,89.8936157226563,89.0710372924805,97.8835983276367,96.739128112793,92.5373153686523,93.0348281860352
Ireland,IRL,2002,YR2002,88.8888854980469,89.1891860961914,96.2962951660156,97.2972946166992,93.0348281860352,89.5522384643555
Ireland,IRL,2003,YR2003,90.476188659668,89.1891860961914,96.9849243164063,93.5135116577148,90.5472640991211,90.0497512817383
Ireland,IRL,2004,YR2004,87.1921157836914,90.5472640991211,91.2621383666992,93.0348281860352,92.3076934814453,93.2692337036133
Ireland,IRL,2005,YR2005,92.1951217651367,93.6274490356445,94.1747589111328,91.6666641235352,92.3444976806641,97.5961532592773
Ireland,IRL,2006,YR2006,92.1951217651367,88.7804870605469,91.7874374389648,99.0196075439453,93.7799072265625,95.1923065185547
Ireland,IRL,2007,YR2007,93.2038803100586,90.7766952514648,93.2367172241211,98.5436859130859,93.7799072265625,95.6730804443359
Ireland,IRL,2008,YR2008,92.7184448242188,88.8349533081055,93.2692337036133,99.5145645141602,93.75,95.6730804443359
Ireland,IRL,2009,YR2009,93.7799072265625,87.0813369750977,86.2559204101563,96.172248840332,95.2606658935547,93.8388595581055
Ireland,IRL,2010,YR2010,92.8571395874023,87.0813369750977,84.8341217041016,94.2583694458008,95.2606658935547,93.3649291992188
Ireland,IRL,2011,YR2011,91.9431304931641,88.6255950927734,77.7251205444336,93.3649291992188,96.2441329956055,92.4882659912109
Ireland,IRL,2012,YR2012,90.0473937988281,92.4170608520508,77.7251205444336,94.3127975463867,94.3661956787109,92.0187759399414
Ireland,IRL,2013,YR2013,92.4170608520508,90.0473937988281,75.3554534912109,93.8388595581055,94.8356781005859,92.0187759399414
Ireland,IRL,2014,YR2014,92.788459777832,91.8269195556641,87.1428604125977,95.1923065185547,92.788459777832,92.61083984375
Ireland,IRL,2015,YR2015,92.3809509277344,90.9523773193359,77.6190490722656,97.6190490722656,92.8571395874023,92.61083984375
Ireland,IRL,2016,YR2016,92.3809509277344,88.0952377319336,73.3333358764648,94.7619018554688,89.0476226806641,92.61083984375
Ireland,IRL,2017,YR2017,91.4285736083984,86.1904754638672,84.2857131958008,91.9047622680664,88.0952377319336,90.6403961181641
Ireland,IRL,2018,YR2018,90.476188659668,89.0476226806641,85.3773574829102,93.3333358764648,88.5714263916016,91.7475738525391
Ireland,IRL,2019,YR2019,90,85.7142868041992,80.6603775024414,93.3333358764648,88.0952377319336,93.2367172241211
Ireland,IRL,2020,YR2020,91.4285736083984,90,80.1886825561523,91.9047622680664,89.523811340332,95.1690826416016
Ireland,IRL,2021,YR2021,92.8571395874023,91.9047622680664,75.9433975219727,93.3333358764648,90.476188659668,95.1690826416016
Ireland,IRL,2022,YR2022,93.8679275512695,93.3962249755859,78.7735824584961,95.2830200195313,91.5094375610352,96.1352691650391
Poland,POL,1996,YR1996,75.8064498901367,75.4098358154297,73.9361724853516,72.2826080322266,70.8542709350586,80
Poland,POL,1998,YR1998,77.5401077270508,72.1311492919922,74.4680862426758,70.6521759033203,72.5,81.0945281982422
Poland,POL,2000,YR2000,73.4042587280273,69.3989105224609,59.2592582702637,72.8260879516602,69.1542282104492,81.0945281982422
Poland,POL,2002,YR2002,68.7830657958984,66.4864883422852,71.4285736083984,69.1891860961914,67.6616897583008,80.5970153808594
Poland,POL,2003,YR2003,69.8412704467773,67.5675659179688,65.3266296386719,71.3513488769531,65.1741256713867,79.1044769287109
Poland,POL,2004,YR2004,58.1280784606934,67.164176940918,50.970874786377,73.1343307495117,61.538459777832,82.211540222168
Poland,POL,2005,YR2005,61.9512176513672,66.1764678955078,56.7961158752441,72.5490188598633,62.6794242858887,78.3653869628906
Poland,POL,2006,YR2006,63.4146347045898,64.3902435302734,55.0724639892578,71.5686264038086,62.2009582519531,73.5576934814453
Poland,POL,2007,YR2007,63.5922317504883,66.019416809082,70.0483093261719,73.7864074707031,62.6794242858887,73.0769195556641
Poland,POL,2008,YR2008,70.8737869262695,67.4757308959961,77.8846130371094,74.7572784423828,66.8269195556641,75.961540222168
Poland,POL,2009,YR2009,70.3349304199219,68.8995208740234,81.5165863037109,78.9473648071289,67.7725143432617,80.0947875976563
Poland,POL,2010,YR2010,71.9047622680664,70.8134002685547,84.3601913452148,81.339714050293,68.7203826904297,80.0947875976563
Poland,POL,2011,YR2011,71.5639801025391,70.1421813964844,85.7819900512695,78.6729888916016,72.7699508666992,80.2816925048828
Poland,POL,2012,YR2012,72.9857788085938,70.6161117553711,86.2559204101563,79.1469192504883,73.2394332885742,82.6291046142578
Poland,POL,2013,YR2013,72.9857788085938,70.6161117553711,81.5165863037109,80.568717956543,74.1784057617188,79.3427200317383
Poland,POL,2014,YR2014,72.5961532592773,74.5192337036133,76.1904754638672,81.25,78.3653869628906,82.2660064697266
Poland,POL,2015,YR2015,74.7619018554688,74.2857131958008,74.7619018554688,79.523811340332,76.1904754638672,81.7733993530273
Poland,POL,2016,YR2016,75.7142868041992,72.3809509277344,63.3333320617676,79.523811340332,71.4285736083984,74.3842391967773
Poland,POL,2017,YR2017,74.2857131958008,71.9047622680664,64.2857131958008,76.1904754638672,64.2857131958008,72.4137954711914
Poland,POL,2018,YR2018,73.3333358764648,71.9047622680664,62.7358474731445,78.5714263916016,63.8095245361328,70.8737869262695
Poland,POL,2019,YR2019,71.4285736083984,70.476188659668,65.5660400390625,80.476188659668,63.3333320617676,69.5652160644531
Poland,POL,2020,YR2020,72.3809509277344,64.2857131958008,62.2641525268555,76.1904754638672,67.6190490722656,66.1835784912109
Poland,POL,2021,YR2021,68.0952377319336,61.4285697937012,61.3207550048828,75.7142868041992,64.2857131958008,63.7681159973145
Poland,POL,2022,YR2022,68.3962249755859,61.7924537658691,61.7924537658691,74.5283050537109,64.1509399414063,65.2173919677734
Switzerland,CHE,1996,YR1996,95.6989212036133,93.9890747070313,99.4680862426758,95.1086959838867,100,92
Switzerland,CHE,1998,YR1998,95.721923828125,96.7213134765625,98.4042587280273,96.1956558227539,99,93.532341003418
Switzerland,CHE,2000,YR2000,94.6808547973633,98.3606567382813,97.3544998168945,97.8260879516602,99.5024871826172,93.532341003418
Switzerland,CHE,2002,YR2002,95.7671966552734,97.2972946166992,97.3544998168945,97.8378372192383,100,95.0248718261719
Switzerland,CHE,2003,YR2003,96.8253936767578,92.4324340820313,94.9748764038086,96.7567596435547,98.5074615478516,95.0248718261719
Switzerland,CHE,2004,YR2004,96.0591125488281,99.5024871826172,93.2038803100586,95.0248718261719,98.0769195556641,97.5961532592773
Switzerland,CHE,2005,YR2005,97.0731735229492,96.0784301757813,90.7766952514648,93.1372528076172,98.0861206054688,97.1153869628906
Switzerland,CHE,2006,YR2006,96.5853652954102,98.5365829467773,95.1690826416016,92.6470565795898,97.1291885375977,98.0769195556641
Switzerland,CHE,2007,YR2007,96.6019439697266,99.0291290283203,94.2028961181641,95.1456298828125,97.6076583862305,98.0769195556641
Switzerland,CHE,2008,YR2008,97.0873794555664,98.5436859130859,94.711540222168,93.689323425293,96.6346130371094,98.0769195556641
Switzerland,CHE,2009,YR2009,97.1291885375977,98.0861206054688,94.7867279052734,94.2583694458008,95.7345962524414,99.5260696411133
Switzerland,CHE,2010,YR2010,96.6666641235352,97.6076583862305,92.4170608520508,94.7368392944336,94.3127975463867,99.052131652832
Switzerland,CHE,2011,YR2011,95.7345962524414,97.6303329467773,94.3127975463867,94.7867279052734,93.8967132568359,98.591552734375
Switzerland,CHE,2012,YR2012,97.6303329467773,97.6303329467773,98.5782012939453,95.2606658935547,96.7136154174805,98.1220626831055
Switzerland,CHE,2013,YR2013,97.6303329467773,98.1042633056641,98.1042633056641,94.3127975463867,96.2441329956055,98.1220626831055
Switzerland,CHE,2014,YR2014,98.0769195556641,99.5192337036133,98.0952377319336,96.1538467407227,98.0769195556641,99.014778137207
Switzerland,CHE,2015,YR2015,97.6190490722656,99.523811340332,96.1904754638672,95.2380981445313,97.6190490722656,98.5221710205078
Switzerland,CHE,2016,YR2016,95.7142868041992,99.523811340332,94.2857131958008,98.0952377319336,98.0952377319336,97.5369491577148
Switzerland,CHE,2017,YR2017,96.6666641235352,99.523811340332,93.8095245361328,97.1428604125977,99.0476226806641,98.0295562744141
Switzerland,CHE,2018,YR2018,96.6666641235352,99.0476226806641,94.8113174438477,97.1428604125977,99.0476226806641,99.0291290283203
Switzerland,CHE,2019,YR2019,96.6666641235352,99.0476226806641,94.3396224975586,94.7619018554688,99.0476226806641,97.5845413208008
Switzerland,CHE,2020,YR2020,97.1428604125977,99.0476226806641,91.5094375610352,93.8095245361328,97.6190490722656,98.5507278442383
Switzerland,CHE,2021,YR2021,96.6666641235352,99.0476226806641,89.6226425170898,95.7142868041992,97.6190490722656,98.0676345825195
Switzerland,CHE,2022,YR2022,97.1698150634766,99.5283050537109,92.4528274536133,94.3396224975586,97.6415100097656,99.0338134765625
Netherlands,NLD,1996,YR1996,96.7741928100586,98.3606567382813,100,98.3695678710938,95.4773864746094,97
Netherlands,NLD,1998,YR1998,97.3262023925781,99.4535522460938,100,98.3695678710938,95.5,99.5024871826172
Netherlands,NLD,2000,YR2000,96.8085098266602,98.9071044921875,100,99.4565200805664,95.5223846435547,98.0099487304688
Netherlands,NLD,2002,YR2002,96.2962951660156,96.7567596435547,93.121696472168,98.9189224243164,95.0248718261719,96.0198974609375
Netherlands,NLD,2003,YR2003,95.7671966552734,97.8378372192383,87.4371871948242,97.2972946166992,95.0248718261719,96.0198974609375
Netherlands,NLD,2004,YR2004,95.5665054321289,98.0099487304688,81.5533981323242,98.5074615478516,95.1923065185547,98.0769195556641
Netherlands,NLD,2005,YR2005,96.0975646972656,98.0392150878906,79.1262130737305,98.529411315918,95.6937789916992,99.038459777832
Netherlands,NLD,2006,YR2006,96.0975646972656,94.634147644043,75.8454132080078,97.0588226318359,94.7368392944336,98.5576934814453
Netherlands,NLD,2007,YR2007,97.0873794555664,94.1747589111328,73.4299545288086,97.5728149414063,95.6937789916992,99.038459777832
Netherlands,NLD,2008,YR2008,96.6019439697266,94.1747589111328,76.4423065185547,97.0873794555664,94.711540222168,97.5961532592773
Netherlands,NLD,2009,YR2009,97.6076583862305,94.7368392944336,81.9905242919922,97.1291885375977,97.1563949584961,96.2085342407227
Netherlands,NLD,2010,YR2010,97.6190490722656,95.2153091430664,81.5165863037109,97.1291885375977,97.1563949584961,96.2085342407227
Netherlands,NLD,2011,YR2011,96.6824645996094,96.6824645996094,89.5734634399414,97.1563949584961,97.1830978393555,96.7136154174805
Netherlands,NLD,2012,YR2012,96.2085342407227,97.1563949584961,91.4691925048828,96.2085342407227,97.1830978393555,97.1830978393555
Netherlands,NLD,2013,YR2013,96.2085342407227,97.6303329467773,90.9952621459961,95.7345962524414,97.1830978393555,96.7136154174805
Netherlands,NLD,2014,YR2014,95.6730804443359,98.0769195556641,86.1904754638672,95.6730804443359,97.1153869628906,98.0295562744141
Netherlands,NLD,2015,YR2015,94.2857131958008,97.1428604125977,78.5714263916016,96.6666641235352,97.1428604125977,99.014778137207
Netherlands,NLD,2016,YR2016,94.7619018554688,97.6190490722656,77.6190490722656,98.5714263916016,97.1428604125977,98.5221710205078
Netherlands,NLD,2017,YR2017,92.3809509277344,96.1904754638672,78.5714263916016,98.5714263916016,95.7142868041992,96.5517272949219
Netherlands,NLD,2018,YR2018,95.2380981445313,96.1904754638672,75.4716949462891,99.0476226806641,95.7142868041992,96.1165084838867
Netherlands,NLD,2019,YR2019,95.7142868041992,96.6666641235352,75.4716949462891,98.0952377319336,95.7142868041992,96.6183547973633
Netherlands,NLD,2020,YR2020,96.1904754638672,97.1428604125977,73.5849075317383,96.6666641235352,94.7619018554688,98.0676345825195
Netherlands,NLD,2021,YR2021,97.1428604125977,96.1904754638672,78.301887512207,96.1904754638672,94.7619018554688,96.6183547973633
Netherlands,NLD,2022,YR2022,96.698112487793,95.2830200195313,71.2264175415039,96.698112487793,93.3962249755859,97.5845413208008
Luxembourg,LUX,1996,YR1996,94.6236572265625,99.4535522460938,95.7446823120117,97.2826080322266,95.9798965454102,96.5
Luxembourg,LUX,1998,YR1998,93.5828857421875,98.9071044921875,95.7446823120117,94.0217361450195,97,96.5174102783203
Luxembourg,LUX,2000,YR2000,94.1489334106445,96.7213134765625,98.9417953491211,98.9130401611328,98.5074615478516,95.0248718261719
Luxembourg,LUX,2002,YR2002,95.2380981445313,98.9189224243164,99.4709014892578,99.4594573974609,98.5074615478516,94.0298538208008
Luxembourg,LUX,2003,YR2003,91.5343933105469,95.1351318359375,97.487434387207,98.9189224243164,95.5223846435547,97.0149230957031
Luxembourg,LUX,2004,YR2004,93.1034469604492,94.5273666381836,95.1456298828125,99.5024871826172,96.6346130371094,96.6346130371094
Luxembourg,LUX,2005,YR2005,92.6829299926758,95.5882339477539,95.1456298828125,97.5490188598633,96.6507186889648,96.1538467407227
Luxembourg,LUX,2006,YR2006,94.1463394165039,90.2439041137695,99.0338134765625,96.5686264038086,93.3014373779297,99.5192337036133
Luxembourg,LUX,2007,YR2007,94.1747589111328,91.2621383666992,99.0338134765625,97.0873794555664,94.7368392944336,99.5192337036133
Luxembourg,LUX,2008,YR2008,95.1456298828125,92.7184448242188,100,96.1165084838867,95.6730804443359,99.5192337036133
Luxembourg,LUX,2009,YR2009,94.7368392944336,96.172248840332,98.5782012939453,95.2153091430664,97.6303329467773,100
Luxembourg,LUX,2010,YR2010,95.7142868041992,94.2583694458008,99.052131652832,95.6937789916992,97.6303329467773,98.5782012939453
Luxembourg,LUX,2011,YR2011,98.1042633056641,95.2606658935547,96.2085342407227,98.5782012939453,97.6525802612305,99.06103515625
Luxembourg,LUX,2012,YR2012,96.6824645996094,94.3127975463867,95.7345962524414,96.6824645996094,96.2441329956055,98.591552734375
Luxembourg,LUX,2013,YR2013,97.1563949584961,93.8388595581055,95.2606658935547,96.6824645996094,96.7136154174805,98.591552734375
Luxembourg,LUX,2014,YR2014,96.6346130371094,93.2692337036133,97.6190490722656,92.3076934814453,95.6730804443359,98.5221710205078
Luxembourg,LUX,2015,YR2015,97.1428604125977,93.8095245361328,98.0952377319336,92.8571395874023,96.6666641235352,97.0443344116211
Luxembourg,LUX,2016,YR2016,97.6190490722656,92.8571395874023,98.0952377319336,93.8095245361328,95.2380981445313,96.5517272949219
Luxembourg,LUX,2017,YR2017,96.1904754638672,93.8095245361328,94.7619018554688,93.8095245361328,95.2380981445313,97.5369491577148
Luxembourg,LUX,2018,YR2018,97.1428604125977,95.7142868041992,95.7547149658203,94.7619018554688,96.1904754638672,97.0873794555664
Luxembourg,LUX,2019,YR2019,97.6190490722656,95.2380981445313,95.2830200195313,95.2380981445313,96.1904754638672,97.101448059082
Luxembourg,LUX,2020,YR2020,96.6666641235352,96.6666641235352,93.3962249755859,98.5714263916016,95.7142868041992,96.6183547973633
Luxembourg,LUX,2021,YR2021,96.1904754638672,95.7142868041992,93.3962249755859,99.523811340332,96.6666641235352,97.5845413208008
Luxembourg,LUX,2022,YR2022,96.2264175415039,97.6415100097656,86.3207550048828,98.1132049560547,98.5849075317383,97.101448059082
Italy,ITA,1996,YR1996,67.2042999267578,78.1420745849609,86.7021255493164,76.0869598388672,84.4221115112305,84.5
Italy,ITA,1998,YR1998,68.4491958618164,78.6885223388672,90.9574432373047,72.2826080322266,73,79.6019897460938
Italy,ITA,2000,YR2000,75,77.0491790771484,78.3068771362305,76.6304321289063,73.6318435668945,79.6019897460938
Italy,ITA,2002,YR2002,72.4867706298828,74.594596862793,75.661376953125,75.6756744384766,70.6467666625977,78.1094512939453
Italy,ITA,2003,YR2003,70.8994674682617,75.6756744384766,59.7989959716797,80,69.651741027832,77.6119384765625
Italy,ITA,2004,YR2004,66.5024642944336,73.1343307495117,54.8543701171875,81.0945281982422,68.2692337036133,86.538459777832
Italy,ITA,2005,YR2005,67.8048782348633,69.6078414916992,63.1067962646484,78.4313735961914,64.5932998657227,81.7307662963867
Italy,ITA,2006,YR2006,71.2195129394531,64.8780517578125,62.3188400268555,78.9215698242188,61.7224884033203,83.1730804443359
Italy,ITA,2007,YR2007,67.4757308959961,58.737865447998,60.386474609375,78.1553421020508,63.6363639831543,86.0576934814453
Italy,ITA,2008,YR2008,64.0776672363281,62.6213607788086,65.3846130371094,79.1262130737305,62.5,81.25
Italy,ITA,2009,YR2009,64.1148300170898,66.9856491088867,54.502368927002,78.4689025878906,62.5592422485352,81.5165863037109
Italy,ITA,2010,YR2010,64.2857131958008,67.464111328125,62.5592422485352,77.511962890625,63.9810409545898,75.8293838500977
Italy,ITA,2011,YR2011,65.8767776489258,65.8767776489258,62.5592422485352,74.8815155029297,64.3192520141602,75.1173706054688
Italy,ITA,2012,YR2012,62.0853080749512,66.3507080078125,63.0331764221191,74.407585144043,64.3192520141602,74.6478881835938
Italy,ITA,2013,YR2013,60.1895751953125,68.7203826904297,63.9810409545898,74.8815155029297,63.8497657775879,76.0563354492188
Italy,ITA,2014,YR2014,56.730770111084,70.6730804443359,60.476188659668,71.1538467407227,67.788459777832,77.8325119018555
Italy,ITA,2015,YR2015,57.1428565979004,70.476188659668,58.5714302062988,73.8095245361328,63.3333320617676,81.2807846069336
Italy,ITA,2016,YR2016,59.0476188659668,71.9047622680664,58.5714302062988,73.8095245361328,62.8571434020996,81.7733993530273
Italy,ITA,2017,YR2017,60.476188659668,69.0476226806641,57.6190490722656,74.7619018554688,62.3809509277344,78.8177337646484
Italy,ITA,2018,YR2018,60.9523811340332,67.6190490722656,57.0754699707031,75.2380981445313,60,78.1553421020508
Italy,ITA,2019,YR2019,61.4285697937012,68.5714263916016,58.9622650146484,77.1428604125977,60.476188659668,76.8115921020508
Italy,ITA,2020,YR2020,67.1428604125977,65.2380981445313,58.0188674926758,68.0952377319336,57.6190490722656,81.159423828125
Italy,ITA,2021,YR2021,67.6190490722656,64.2857131958008,63.6792449951172,68.5714263916016,58.0952377319336,83.5748825073242
Italy,ITA,2022,YR2022,68.8679275512695,66.9811325073242,58.4905662536621,68.8679275512695,58.4905662536621,82.6086959838867
Norway,NOR,1996,YR1996,98.3871002197266,98.9071044921875,99.4680862426758,93.4782638549805,99.4974899291992,97.5
Norway,NOR,1998,YR1998,98.3957214355469,97.814208984375,98.4042587280273,91.8478240966797,99.5,96.0198974609375
Norway,NOR,2000,YR2000,96.2765960693359,93.9890747070313,96.2962951660156,84.7826080322266,99.0049743652344,95.5223846435547
Norway,NOR,2002,YR2002,96.8253936767578,94.0540542602539,98.4126968383789,84.8648681640625,97.0149230957031,97.0149230957031
Norway,NOR,2003,YR2003,96.2962951660156,94.594596862793,94.4723587036133,88.1081085205078,97.5124359130859,96.5174102783203
Norway,NOR,2004,YR2004,95.0738906860352,97.5124359130859,92.2330093383789,90.0497512817383,100,98.5576934814453
Norway,NOR,2005,YR2005,96.5853652954102,96.5686264038086,93.689323425293,91.1764678955078,98.5645904541016,98.5576934814453
Norway,NOR,2006,YR2006,97.0731735229492,96.5853652954102,93.7198104858398,85.7843170166016,99.5215301513672,99.038459777832
Norway,NOR,2007,YR2007,94.6601943969727,98.0582504272461,91.7874374389648,87.8640747070313,99.0430603027344,100
Norway,NOR,2008,YR2008,94.6601943969727,97.0873794555664,95.6730804443359,88.8349533081055,100,100
Norway,NOR,2009,YR2009,95.2153091430664,97.1291885375977,93.3649291992188,92.8229675292969,98.1042633056641,99.052131652832
Norway,NOR,2010,YR2010,97.1428604125977,98.0861206054688,95.2606658935547,92.8229675292969,98.5782012939453,100
Norway,NOR,2011,YR2011,97.6303329467773,97.1563949584961,97.1563949584961,93.8388595581055,98.1220626831055,100
Norway,NOR,2012,YR2012,98.5782012939453,98.1042633056641,95.2606658935547,92.890998840332,100,100
Norway,NOR,2013,YR2013,99.052131652832,98.5782012939453,95.7345962524414,94.7867279052734,100,100
Norway,NOR,2014,YR2014,99.038459777832,97.1153869628906,89.523811340332,92.788459777832,99.038459777832,100
Norway,NOR,2015,YR2015,99.0476226806641,97.6190490722656,90.476188659668,92.3809509277344,98.5714263916016,100
Norway,NOR,2016,YR2016,98.5714263916016,98.5714263916016,92.3809509277344,92.8571395874023,99.523811340332,100
Norway,NOR,2017,YR2017,99.523811340332,98.5714263916016,89.0476226806641,96.1904754638672,99.523811340332,100
Norway,NOR,2018,YR2018,97.6190490722656,97.1428604125977,89.6226425170898,96.6666641235352,99.523811340332,100
Norway,NOR,2019,YR2019,97.1428604125977,97.1428604125977,90.0943374633789,97.1428604125977,99.523811340332,100
Norway,NOR,2020,YR2020,97.6190490722656,98.0952377319336,94.3396224975586,95.7142868041992,99.523811340332,100
Norway,NOR,2021,YR2021,98.0952377319336,97.6190490722656,88.6792449951172,95.2380981445313,99.523811340332,100
Norway,NOR,2022,YR2022,98.1132049560547,98.1132049560547,76.4150924682617,91.9811325073242,98.1132049560547,100
Portugal,PRT,1996,YR1996,89.247314453125,86.3387985229492,90.9574432373047,85.3260879516602,88.9447250366211,94.5
Portugal,PRT,1998,YR1998,85.026741027832,84.6994552612305,94.6808547973633,85.3260879516602,88.5,94.5273666381836
Portugal,PRT,2000,YR2000,84.5744705200195,80.8743133544922,94.7089920043945,78.8043441772461,85.0746231079102,92.0398025512695
Portugal,PRT,2002,YR2002,85.185188293457,85.405403137207,95.2380981445313,85.405403137207,88.5572128295898,91.0447769165039
Portugal,PRT,2003,YR2003,83.0687866210938,83.7837829589844,95.9798965454102,86.4864883422852,88.5572128295898,93.0348281860352
Portugal,PRT,2004,YR2004,84.7290649414063,81.0945281982422,79.6116485595703,84.0796051025391,87.9807662963867,92.3076934814453
Portugal,PRT,2005,YR2005,81.4634170532227,82.8431396484375,80.5825271606445,87.7450942993164,87.5598068237305,91.8269195556641
Portugal,PRT,2006,YR2006,80.9756088256836,78.5365829467773,79.22705078125,80.8823547363281,79.4258346557617,90.3846130371094
Portugal,PRT,2007,YR2007,81.5533981323242,78.6407775878906,76.8115921020508,83.4951477050781,82.2966537475586,90.3846130371094
Portugal,PRT,2008,YR2008,81.5533981323242,82.5242691040039,81.25,82.5242691040039,83.6538467407227,89.4230804443359
Portugal,PRT,2009,YR2009,81.8181838989258,83.2535858154297,72.9857788085938,79.4258346557617,83.4123229980469,86.7298583984375
Portugal,PRT,2010,YR2010,81.4285736083984,78.9473648071289,71.0900497436523,74.6411514282227,82.9383850097656,83.8862533569336
Portugal,PRT,2011,YR2011,81.5165863037109,76.7772521972656,69.6682434082031,71.0900497436523,80.2816925048828,84.5070419311523
Portugal,PRT,2012,YR2012,79.620849609375,79.1469192504883,70.6161117553711,75.3554534912109,82.6291046142578,81.2206573486328
Portugal,PRT,2013,YR2013,78.6729888916016,83.8862533569336,68.7203826904297,75.3554534912109,83.0985946655273,82.6291046142578
Portugal,PRT,2014,YR2014,79.3269195556641,79.3269195556641,74.2857131958008,74.038459777832,84.1346130371094,82.7586212158203
Portugal,PRT,2015,YR2015,78.0952377319336,85.2380981445313,78.0952377319336,79.0476226806641,82.3809509277344,84.7290649414063
Portugal,PRT,2016,YR2016,78.5714263916016,84.7619018554688,79.523811340332,76.1904754638672,82.8571395874023,86.2068939208984
Portugal,PRT,2017,YR2017,79.523811340332,86.6666641235352,88.5714263916016,79.0476226806641,83.3333358764648,88.6699523925781
Portugal,PRT,2018,YR2018,79.0476226806641,85.2380981445313,89.1509399414063,79.0476226806641,84.2857131958008,87.8640747070313
Portugal,PRT,2019,YR2019,76.6666641235352,84.2857131958008,87.2641525268555,77.6190490722656,83.8095245361328,88.4057998657227
Portugal,PRT,2020,YR2020,76.6666641235352,80.476188659668,83.4905624389648,75.2380981445313,85.2380981445313,89.3719787597656
Portugal,PRT,2021,YR2021,77.1428604125977,80.476188659668,81.1320724487305,73.3333358764648,84.2857131958008,89.3719787597656
Portugal,PRT,2022,YR2022,75.9433975219727,80.1886825561523,75.9433975219727,75,83.9622650146484,89.8550720214844
Slovenia,SVN,1996,YR1996,81.7204284667969,79.2349700927734,92.5531921386719,83.6956558227539,84.9246215820313,87.5
Slovenia,SVN,1998,YR1998,84.4919815063477,77.0491790771484,92.5531921386719,84.7826080322266,85,87.5621871948242
Slovenia,SVN,2000,YR2000,77.1276626586914,75.4098358154297,77.2486801147461,70.1086959838867,81.592041015625,83.0845794677734
Slovenia,SVN,2002,YR2002,76.7195739746094,75.6756744384766,93.6507949829102,72.9729766845703,79.6019897460938,85.0746231079102
Slovenia,SVN,2003,YR2003,79.8941802978516,80.5405426025391,92.9648208618164,73.5135116577148,79.1044769287109,85.572135925293
Slovenia,SVN,2004,YR2004,83.2512283325195,79.6019897460938,83.4951477050781,77.1144256591797,79.8076934814453,84.6153869628906
Slovenia,SVN,2005,YR2005,80,76.470588684082,85.9223327636719,75.9803924560547,79.9043045043945,83.1730804443359
Slovenia,SVN,2006,YR2006,81.9512176513672,80,86.9565200805664,73.0392150878906,77.511962890625,85.0961532592773
Slovenia,SVN,2007,YR2007,80.5825271606445,78.1553421020508,89.8550720214844,74.271842956543,80.8612442016602,83.1730804443359
Slovenia,SVN,2008,YR2008,79.6116485595703,83.0097122192383,91.3461532592773,75.2427215576172,83.1730804443359,80.7692337036133
Slovenia,SVN,2009,YR2009,80.8612442016602,82.7751159667969,81.0426559448242,77.0334930419922,83.8862533569336,81.9905242919922
Slovenia,SVN,2010,YR2010,79.0476226806641,80.8612442016602,77.2511825561523,75.1196136474609,81.5165863037109,81.5165863037109
Slovenia,SVN,2011,YR2011,79.1469192504883,79.1469192504883,80.568717956543,74.407585144043,82.6291046142578,81.6901397705078
Slovenia,SVN,2012,YR2012,76.7772521972656,80.568717956543,77.2511825561523,71.5639801025391,80.7511749267578,78.4037551879883
Slovenia,SVN,2013,YR2013,74.407585144043,79.1469192504883,74.407585144043,70.6161117553711,81.2206573486328,79.8122100830078
Slovenia,SVN,2014,YR2014,74.5192337036133,79.8076934814453,79.523811340332,72.1153869628906,80.7692337036133,75.3694610595703
Slovenia,SVN,2015,YR2015,75.7142868041992,77.1428604125977,80,71.4285736083984,80,78.3251266479492
Slovenia,SVN,2016,YR2016,76.1904754638672,82.8571395874023,83.8095245361328,71.4285736083984,84.2857131958008,80.2955627441406
Slovenia,SVN,2017,YR2017,78.0952377319336,83.8095245361328,76.6666641235352,71.4285736083984,81.4285736083984,81.2807846069336
Slovenia,SVN,2018,YR2018,79.523811340332,82.3809509277344,78.301887512207,73.8095245361328,82.3809509277344,78.6407775878906
Slovenia,SVN,2019,YR2019,80,81.9047622680664,74.5283050537109,79.0476226806641,82.8571395874023,78.7439651489258
Slovenia,SVN,2020,YR2020,78.0952377319336,84.7619018554688,69.8113174438477,77.1428604125977,83.3333358764648,77.2946853637695
Slovenia,SVN,2021,YR2021,75.2380981445313,83.8095245361328,71.2264175415039,74.7619018554688,82.3809509277344,76.328498840332
Slovenia,SVN,2022,YR2022,78.301887512207,80.6603775024414,70.7547149658203,73.5849075317383,82.5471725463867,77.7777786254883
Slovak Republic,SVK,1996,YR1996,62.9032249450684,66.1202163696289,75.5319137573242,71.1956558227539,57.2864303588867,67
Slovak Republic,SVK,1998,YR1998,57.2192497253418,70.4918060302734,89.361701965332,65.760871887207,57,68.1592025756836
Slovak Republic,SVK,2000,YR2000,62.2340431213379,74.8633880615234,70.8994674682617,69.0217361450195,60.6965179443359,72.6368179321289
Slovak Republic,SVK,2002,YR2002,56.0846557617188,69.7297286987305,81.4814834594727,75.1351318359375,60.1990051269531,74.6268692016602
Slovak Republic,SVK,2003,YR2003,65.6084671020508,72.9729766845703,79.8994979858398,74.594596862793,62.1890563964844,74.6268692016602
Slovak Republic,SVK,2004,YR2004,65.5172424316406,78.1094512939453,65.0485458374023,80.5970153808594,63.9423065185547,79.3269195556641
Slovak Republic,SVK,2005,YR2005,68.2926864624023,75.9803924560547,76.6990280151367,83.3333358764648,63.1578941345215,74.038459777832
Slovak Republic,SVK,2006,YR2006,69.2682952880859,76.5853652954102,71.4975814819336,81.3725509643555,64.1148300170898,76.4423065185547
Slovak Republic,SVK,2007,YR2007,64.5631103515625,73.3009719848633,84.0579681396484,79.6116485595703,63.1578941345215,75.4807662963867
Slovak Republic,SVK,2008,YR2008,65.0485458374023,77.1844635009766,87.0192337036133,82.0388336181641,65.8653869628906,74.038459777832
Slovak Republic,SVK,2009,YR2009,65.5502395629883,75.5980834960938,80.0947875976563,80.8612442016602,65.4028472900391,72.9857788085938
Slovak Republic,SVK,2010,YR2010,63.8095245361328,75.1196136474609,86.7298583984375,79.9043045043945,66.3507080078125,74.8815155029297
Slovak Republic,SVK,2011,YR2011,63.9810409545898,74.8815155029297,81.0426559448242,79.620849609375,67.1361465454102,76.0563354492188
Slovak Republic,SVK,2012,YR2012,59.7156410217285,73.9336471557617,88.1516571044922,80.0947875976563,64.7887344360352,77.4647903442383
Slovak Republic,SVK,2013,YR2013,59.2417068481445,72.0379180908203,89.0995254516602,78.6729888916016,64.3192520141602,76.5258178710938
Slovak Republic,SVK,2014,YR2014,60.0961532592773,75,85.7142868041992,78.8461532592773,69.2307662963867,75.8620681762695
Slovak Republic,SVK,2015,YR2015,59.523811340332,73.8095245361328,75.2380981445313,75.2380981445313,67.6190490722656,76.3546829223633
Slovak Republic,SVK,2016,YR2016,60.476188659668,74.7619018554688,70.476188659668,79.0476226806641,71.9047622680664,76.3546829223633
Slovak Republic,SVK,2017,YR2017,58.5714302062988,73.3333358764648,78.0952377319336,76.6666641235352,68.5714263916016,76.3546829223633
Slovak Republic,SVK,2018,YR2018,61.4285697937012,72.3809509277344,70.2830200195313,75.7142868041992,68.5714263916016,75.2427215576172
Slovak Republic,SVK,2019,YR2019,59.523811340332,71.4285736083984,68.8679275512695,79.523811340332,69.0476226806641,74.3961334228516
Slovak Republic,SVK,2020,YR2020,64.2857131958008,69.0476226806641,67.4528274536133,74.2857131958008,73.8095245361328,74.8792266845703
Slovak Republic,SVK,2021,YR2021,60,68.5714263916016,65.5660400390625,77.6190490722656,72.8571395874023,75.8454132080078
Slovak Republic,SVK,2022,YR2022,60.3773574829102,63.6792449951172,59.9056587219238,76.8867950439453,70.2830200195313,75.3623199462891
Spain,ESP,1996,YR1996,82.7957000732422,89.6174850463867,53.1914901733398,84.239128112793,90.452262878418,89.5
Spain,ESP,1998,YR1998,90.3743286132813,89.0710372924805,52.1276588439941,87.5,90,89.5522384643555
Spain,ESP,2000,YR2000,89.361701965332,91.2568283081055,65.6084671020508,88.0434799194336,90.5472640991211,88.5572128295898
Spain,ESP,2002,YR2002,88.3597869873047,92.9729766845703,62.962963104248,88.6486511230469,86.5671615600586,90.0497512817383
Spain,ESP,2003,YR2003,88.8888854980469,94.0540542602539,41.2060317993164,87.5675659179688,87.0646743774414,89.5522384643555
Spain,ESP,2004,YR2004,89.1625595092773,88.5572128295898,41.7475738525391,87.5621871948242,85.0961532592773,89.4230804443359
Spain,ESP,2005,YR2005,88.7804870605469,89.7058792114258,53.3980598449707,88.2352905273438,85.6459350585938,84.1346130371094
Spain,ESP,2006,YR2006,84.8780517578125,77.0731735229492,41.062801361084,84.8039245605469,87.0813369750977,85.5769195556641
Spain,ESP,2007,YR2007,83.0097122192383,80.0970840454102,35.7487907409668,86.4077682495117,86.1244049072266,87.0192337036133
Spain,ESP,2008,YR2008,83.4951477050781,78.6407775878906,30.2884616851807,86.8932037353516,86.0576934814453,87.5
Spain,ESP,2009,YR2009,81.339714050293,77.9904327392578,30.3317527770996,84.6889953613281,86.2559204101563,88.1516571044922
Spain,ESP,2010,YR2010,83.8095245361328,78.4689025878906,33.6492881774902,84.2105255126953,85.7819900512695,85.3080596923828
Spain,ESP,2011,YR2011,83.4123229980469,78.1990509033203,48.3412322998047,81.0426559448242,85.4460067749023,83.0985946655273
Spain,ESP,2012,YR2012,83.4123229980469,81.5165863037109,42.6540298461914,78.1990509033203,83.0985946655273,82.1596221923828
Spain,ESP,2013,YR2013,79.620849609375,82.9383850097656,46.9194297790527,79.1469192504883,82.1596221923828,78.4037551879883
Spain,ESP,2014,YR2014,73.0769195556641,85.0961532592773,55.238094329834,74.5192337036133,80.288459777832,76.8472900390625
Spain,ESP,2015,YR2015,71.9047622680664,84.7619018554688,55.7142868041992,75.7142868041992,78.0952377319336,82.7586212158203
Spain,ESP,2016,YR2016,68.0952377319336,83.3333358764648,60,81.4285736083984,80.476188659668,82.2660064697266
Spain,ESP,2017,YR2017,67.1428604125977,80.476188659668,57.1428565979004,79.523811340332,81.9047622680664,82.2660064697266
Spain,ESP,2018,YR2018,72.8571395874023,79.0476226806641,56.6037750244141,80.476188659668,80.476188659668,81.5533981323242
Spain,ESP,2019,YR2019,73.3333358764648,79.523811340332,58.0188674926758,81.9047622680664,80.9523773193359,80.6763305664063
Spain,ESP,2020,YR2020,75.7142868041992,77.6190490722656,58.9622650146484,73.8095245361328,76.6666641235352,80.1932373046875
Spain,ESP,2021,YR2021,75.7142868041992,78.0952377319336,61.7924537658691,73.8095245361328,77.6190490722656,79.22705078125
Spain,ESP,2022,YR2022,75,77.8301849365234,53.301887512207,75.9433975219727,77.3584899902344,79.7101440429688
United Kingdom,GBR,1996,YR1996,95.1612930297852,96.7213134765625,78.7234039306641,99.4565200805664,94.4723587036133,87
United Kingdom,GBR,1998,YR1998,96.2566833496094,94.5355224609375,78.1914901733398,99.4565200805664,95,87.0646743774414
United Kingdom,GBR,2000,YR2000,95.7446823120117,92.8961715698242,81.4814834594727,98.3695678710938,94.5273666381836,91.5422897338867
United Kingdom,GBR,2002,YR2002,94.7089920043945,92.4324340820313,69.3121719360352,96.2162170410156,94.0298538208008,90.5472640991211
United Kingdom,GBR,2003,YR2003,95.2380981445313,91.8918914794922,54.2713584899902,95.1351318359375,94.0298538208008,90.5472640991211
United Kingdom,GBR,2004,YR2004,94.5812835693359,94.0298538208008,49.5145645141602,96.5174102783203,93.2692337036133,95.1923065185547
United Kingdom,GBR,2005,YR2005,94.634147644043,95.0980377197266,50.4854354858398,96.5686264038086,91.8660278320313,92.3076934814453
United Kingdom,GBR,2006,YR2006,92.6829299926758,93.1707305908203,66.1835784912109,99.5098037719727,95.6937789916992,94.2307662963867
United Kingdom,GBR,2007,YR2007,92.7184448242188,92.7184448242188,66.1835784912109,99.0291290283203,93.3014373779297,92.788459777832
United Kingdom,GBR,2008,YR2008,92.2330093383789,93.2038803100586,61.0576934814453,97.5728149414063,93.2692337036133,92.3076934814453
United Kingdom,GBR,2009,YR2009,91.8660278320313,90.9090881347656,48.3412322998047,94.7368392944336,94.3127975463867,91.9431304931641
United Kingdom,GBR,2010,YR2010,92.3809509277344,92.8229675292969,60.1895751953125,97.6076583862305,95.7345962524414,91.9431304931641
United Kingdom,GBR,2011,YR2011,92.4170608520508,93.3649291992188,58.7677726745605,95.2606658935547,92.4882659912109,92.0187759399414
United Kingdom,GBR,2012,YR2012,92.890998840332,93.3649291992188,59.7156410217285,94.7867279052734,94.8356781005859,92.4882659912109
United Kingdom,GBR,2013,YR2013,93.3649291992188,90.9952621459961,63.0331764221191,96.2085342407227,93.8967132568359,92.4882659912109
United Kingdom,GBR,2014,YR2014,93.2692337036133,92.788459777832,59.523811340332,97.1153869628906,94.711540222168,90.1477813720703
United Kingdom,GBR,2015,YR2015,93.8095245361328,94.2857131958008,61.4285697937012,98.5714263916016,93.8095245361328,92.1182250976563
United Kingdom,GBR,2016,YR2016,94.2857131958008,92.3809509277344,58.0952377319336,95.2380981445313,92.3809509277344,93.1034469604492
United Kingdom,GBR,2017,YR2017,95.2380981445313,90.476188659668,60.476188659668,94.2857131958008,92.8571395874023,93.596061706543
United Kingdom,GBR,2018,YR2018,94.7619018554688,88.5714263916016,50.4716987609863,95.7142868041992,91.9047622680664,93.2038803100586
United Kingdom,GBR,2019,YR2019,93.3333358764648,90,62.2641525268555,93.8095245361328,91.9047622680664,91.7874374389648
United Kingdom,GBR,2020,YR2020,94.2857131958008,88.5714263916016,61.3207550048828,92.3809509277344,90,88.8888854980469
United Kingdom,GBR,2021,YR2021,93.3333358764648,86.1904754638672,60.8490562438965,90.9523773193359,89.523811340332,89.8550720214844
United Kingdom,GBR,2022,YR2022,92.9245300292969,85.8490600585938,62.2641525268555,93.3962249755859,89.1509399414063,89.3719787597656